,iso_code,continent,location,date,total_cases,new_cases,new_cases_smoothed,total_deaths,new_deaths,new_deaths_smoothed,total_cases_per_million,new_cases_per_million,new_cases_smoothed_per_million,total_deaths_per_million,new_deaths_per_million,new_deaths_smoothed_per_million,reproduction_rate
0,ITA,Europe,Italy,2021-11-20,4904441.0,10554.0,8640.571,133082.0,48.0,56.571,83073.357,178.768,146.357,2254.195,0.813,0.958,1.26
1,ITA,Europe,Italy,2021-11-21,4915981.0,11540.0,9069.286,133131.0,49.0,56.0,83268.826,195.469,153.619,2255.025,0.83,0.949,1.25
2,ITA,Europe,Italy,2021-11-22,4925688.0,9707.0,9375.286,133177.0,46.0,57.429,83433.247,164.421,158.802,2255.805,0.779,0.973,1.25
3,ITA,Europe,Italy,2021-11-23,4932091.0,6403.0,9547.286,133247.0,70.0,61.143,83541.704,108.457,161.716,2256.99,1.186,1.036,1.25
4,ITA,Europe,Italy,2021-11-24,4942135.0,10044.0,9865.714,133330.0,83.0,62.429,83711.833,170.129,167.109,2258.396,1.406,1.057,1.24
5,ITA,Europe,Italy,2021-11-25,4954585.0,12450.0,10191.857,133415.0,85.0,64.286,83922.716,210.883,172.634,2259.836,1.44,1.089,1.24
6,ITA,Europe,Italy,2021-11-26,4968341.0,13756.0,10636.286,133486.0,71.0,64.571,84155.721,233.005,180.162,2261.039,1.203,1.094,1.24
7,ITA,Europe,Italy,2021-11-27,4982022.0,13681.0,11083.0,133537.0,51.0,65.0,84387.455,231.734,187.728,2261.902,0.864,1.101,1.23
8,ITA,Europe,Italy,2021-11-28,4994891.0,12869.0,11272.857,133627.0,90.0,70.857,84605.435,217.98,190.944,2263.427,1.524,1.2,1.23
9,ITA,Europe,Italy,2021-11-29,5007818.0,12927.0,11732.857,133674.0,47.0,71.0,84824.398,218.963,198.736,2264.223,0.796,1.203,1.23
10,ITA,Europe,Italy,2021-11-30,5015790.0,7972.0,11957.0,133739.0,65.0,70.286,84959.431,135.033,202.532,2265.324,1.101,1.191,1.23
11,ITA,Europe,Italy,2021-12-01,5028547.0,12757.0,12344.571,133828.0,89.0,71.143,85175.514,216.083,209.097,2266.831,1.508,1.205,1.22
12,ITA,Europe,Italy,2021-12-02,5043620.0,15073.0,12719.286,133931.0,103.0,73.714,85430.826,255.312,215.444,2268.576,1.745,1.249,1.22
13,ITA,Europe,Italy,2021-12-03,5060430.0,16810.0,13155.571,134003.0,72.0,73.857,85715.56,284.734,222.834,2269.796,1.22,1.251,1.21
14,ITA,Europe,Italy,2021-12-04,5077445.0,17015.0,13631.857,134077.0,74.0,77.143,86003.767,288.207,230.902,2271.049,1.253,1.307,1.21
15,ITA,Europe,Italy,2021-12-05,5094072.0,16627.0,14168.714,134152.0,75.0,75.0,86285.402,281.635,239.995,2272.32,1.27,1.27,1.2
16,ITA,Europe,Italy,2021-12-06,5109082.0,15010.0,14466.286,134195.0,43.0,74.429,86539.647,254.245,245.036,2273.048,0.728,1.261,1.18
17,ITA,Europe,Italy,2021-12-07,5118576.0,9494.0,14683.714,134287.0,92.0,78.286,86700.46,160.813,248.719,2274.606,1.558,1.326,1.17
18,ITA,Europe,Italy,2021-12-08,5134318.0,15742.0,15110.143,134386.0,99.0,79.714,86967.105,266.644,255.942,2276.283,1.677,1.35,1.15
19,ITA,Europe,Italy,2021-12-09,5152264.0,17946.0,15520.571,134472.0,86.0,77.286,87271.081,303.976,262.894,2277.74,1.457,1.309,1.15
20,ITA,Europe,Italy,2021-12-10,5164780.0,12516.0,14907.143,134551.0,79.0,78.286,87483.082,212.001,252.503,2279.078,1.338,1.326,1.19
21,ITA,Europe,Italy,2021-12-11,5185270.0,20490.0,15403.571,134669.0,118.0,84.571,87830.15,347.068,260.912,2281.077,1.999,1.433,1.24
22,ITA,Europe,Italy,2021-12-12,5206305.0,21035.0,16033.286,134765.0,96.0,87.571,88186.449,356.299,271.578,2282.703,1.626,1.483,1.27
23,ITA,Europe,Italy,2021-12-13,5225517.0,19212.0,16633.571,134831.0,66.0,90.857,88511.869,325.42,281.746,2283.821,1.118,1.539,1.28
24,ITA,Europe,Italy,2021-12-14,5238221.0,12704.0,17092.143,134929.0,98.0,91.714,88727.055,215.185,289.513,2285.481,1.66,1.553,1.28
25,ITA,Europe,Italy,2021-12-15,5258886.0,20665.0,17795.429,135049.0,120.0,94.714,89077.086,350.032,301.426,2287.513,2.033,1.604,1.29
26,ITA,Europe,Italy,2021-12-16,5282076.0,23190.0,18544.571,135178.0,129.0,100.857,89469.888,392.801,314.115,2289.698,2.185,1.708,1.3
27,ITA,Europe,Italy,2021-12-17,5308180.0,26104.0,20485.714,135301.0,123.0,107.143,89912.048,442.16,346.995,2291.782,2.083,1.815,1.32
28,ITA,Europe,Italy,2021-12-18,5336795.0,28615.0,21646.429,135421.0,120.0,107.429,90396.74,484.692,366.656,2293.814,2.033,1.82,1.35
29,ITA,Europe,Italy,2021-12-19,5364852.0,28057.0,22649.571,135544.0,123.0,111.286,90871.98,475.241,383.647,2295.898,2.083,1.885,1.38
30,ITA,Europe,Italy,2021-12-20,5389155.0,24303.0,23376.857,135641.0,97.0,115.714,91283.634,411.654,395.966,2297.541,1.643,1.96,1.4
31,ITA,Europe,Italy,2021-12-21,5405360.0,16205.0,23877.0,135778.0,137.0,121.286,91558.121,274.487,404.438,2299.861,2.321,2.054,1.42
32,ITA,Europe,Italy,2021-12-22,5436143.0,30783.0,25322.429,135931.0,153.0,126.0,92079.536,521.415,428.921,2302.453,2.592,2.134,1.46
33,ITA,Europe,Italy,2021-12-23,5472469.0,36326.0,27199.0,136077.0,146.0,128.429,92694.84,615.304,460.707,2304.926,2.473,2.175,1.51
34,ITA,Europe,Italy,2021-12-24,5517054.0,44585.0,29839.143,136245.0,168.0,134.857,93450.038,755.198,505.427,2307.772,2.846,2.284,1.56
35,ITA,Europe,Italy,2021-12-25,5567644.0,50590.0,32978.429,136386.0,141.0,137.857,94306.951,856.913,558.602,2310.16,2.388,2.335,1.61
36,ITA,Europe,Italy,2021-12-26,5622431.0,54787.0,36797.0,136530.0,144.0,140.857,95234.955,928.004,623.282,2312.599,2.439,2.386,1.66
37,ITA,Europe,Italy,2021-12-27,5647313.0,24882.0,36879.714,136611.0,81.0,138.571,95656.416,421.461,624.683,2313.971,1.372,2.347,1.76
38,ITA,Europe,Italy,2021-12-28,5678112.0,30799.0,38964.571,136753.0,142.0,139.286,96178.102,521.686,659.997,2316.376,2.405,2.359,1.87
39,ITA,Europe,Italy,2021-12-29,5756412.0,78300.0,45752.714,136943.0,190.0,144.571,97504.378,1326.276,774.978,2319.595,3.218,2.449,1.95
40,ITA,Europe,Italy,2021-12-30,5854428.0,98016.0,54565.571,137091.0,148.0,144.857,99164.612,1660.234,924.253,2322.101,2.507,2.454,1.97
41,ITA,Europe,Italy,2021-12-31,5981428.0,127000.0,66339.143,137247.0,156.0,143.143,101315.788,2151.176,1123.679,2324.744,2.642,2.425,1.94
42,ITA,Europe,Italy,2022-01-01,6125683.0,144255.0,79719.857,137402.0,155.0,145.143,103759.236,2443.448,1350.326,2327.369,2.625,2.458,1.84
43,ITA,Europe,Italy,2022-01-02,6267035.0,141352.0,92086.286,137513.0,111.0,140.429,106153.512,2394.276,1559.794,2329.249,1.88,2.379,1.75
44,ITA,Europe,Italy,2022-01-03,6328076.0,61041.0,97251.857,137646.0,133.0,147.857,107187.449,1033.937,1647.29,2331.502,2.253,2.504,1.7
45,ITA,Europe,Italy,2022-01-04,6396110.0,68034.0,102571.143,137786.0,140.0,147.571,108339.835,1152.387,1737.39,2333.874,2.371,2.5,1.67
46,ITA,Europe,Italy,2022-01-05,6566947.0,170837.0,115790.714,138045.0,259.0,157.429,111233.54,2893.705,1961.309,2338.261,4.387,2.667,1.63
47,ITA,Europe,Italy,2022-01-06,6756035.0,189088.0,128801.0,138276.0,231.0,169.286,114436.387,3202.847,2181.682,2342.173,3.913,2.867,1.56
48,ITA,Europe,Italy,2022-01-07,6975465.0,219430.0,142005.286,138474.0,198.0,175.286,118153.179,3716.792,2405.342,2345.527,3.354,2.969,1.48
49,ITA,Europe,Italy,2022-01-08,7083762.0,108297.0,136868.429,138697.0,223.0,185.0,119987.556,1834.377,2318.331,2349.305,3.777,3.134,1.46
50,ITA,Europe,Italy,2022-01-09,7281297.0,197535.0,144894.571,138881.0,184.0,195.429,123333.482,3345.926,2454.281,2352.421,3.117,3.31,1.43
51,ITA,Europe,Italy,2022-01-10,7436939.0,155642.0,158409.0,139038.0,157.0,198.857,125969.808,2636.326,2683.194,2355.081,2.659,3.368,1.38
52,ITA,Europe,Italy,2022-01-11,7554344.0,117405.0,165462.0,139265.0,227.0,211.286,127958.46,1988.652,2802.661,2358.926,3.845,3.579,1.31
53,ITA,Europe,Italy,2022-01-12,7774863.0,220519.0,172559.429,139559.0,294.0,216.286,131693.698,3735.238,2922.88,2363.905,4.98,3.664,1.24
54,ITA,Europe,Italy,2022-01-13,7971068.0,196205.0,173576.143,139872.0,313.0,228.0,135017.096,3323.398,2940.101,2369.207,5.302,3.862,1.2
55,ITA,Europe,Italy,2022-01-14,8155645.0,184577.0,168597.143,140188.0,316.0,244.857,138143.534,3126.438,2855.765,2374.56,5.353,4.147,1.19
56,ITA,Europe,Italy,2022-01-15,8356514.0,200869.0,181821.714,140548.0,360.0,264.429,141545.932,3402.398,3079.768,2380.657,6.098,4.479,1.16
57,ITA,Europe,Italy,2022-01-16,8549450.0,192936.0,181164.714,140856.0,308.0,282.143,144813.958,3268.026,3068.639,2385.875,5.217,4.779,1.14
58,ITA,Europe,Italy,2022-01-17,8706915.0,157465.0,181425.143,141104.0,248.0,295.143,147481.162,2667.204,3073.051,2390.075,4.201,4.999,1.11
59,ITA,Europe,Italy,2022-01-18,8790302.0,83387.0,176565.429,141391.0,287.0,303.714,148893.604,1412.442,2990.735,2394.937,4.861,5.144,1.09
60,ITA,Europe,Italy,2022-01-19,9018425.0,228123.0,177651.714,141825.0,434.0,323.714,152757.642,3864.037,3009.135,2402.288,7.351,5.483,1.06
61,ITA,Europe,Italy,2022-01-20,9219391.0,200966.0,178331.857,142205.0,380.0,333.286,156161.683,3404.041,3020.655,2408.724,6.437,5.645,1.04
62,ITA,Europe,Italy,2022-01-21,9418256.0,198865.0,180373.0,142590.0,385.0,343.143,159530.137,3368.454,3055.229,2415.246,6.521,5.812,1.02
63,ITA,Europe,Italy,2022-01-22,9603856.0,185600.0,178191.714,142963.0,373.0,345.0,162673.903,3143.766,3018.282,2421.564,6.318,5.844,1.0
64,ITA,Europe,Italy,2022-01-23,9781191.0,177335.0,175963.0,143296.0,333.0,348.571,165677.673,3003.77,2980.531,2427.204,5.64,5.904,0.98
65,ITA,Europe,Italy,2022-01-24,9923678.0,142487.0,173823.286,143523.0,227.0,345.571,168091.174,2413.501,2944.287,2431.049,3.845,5.853,0.96
66,ITA,Europe,Italy,2022-01-25,10001344.0,77666.0,173006.0,143875.0,352.0,354.857,169406.712,1315.537,2930.444,2437.012,5.962,6.011,0.93
67,ITA,Europe,Italy,2022-01-26,10216395.0,215051.0,171138.571,144344.0,469.0,359.857,173049.33,3642.619,2898.813,2444.956,7.944,6.095,0.9
68,ITA,Europe,Italy,2022-01-27,10383561.0,167166.0,166310.0,144770.0,426.0,366.429,175880.854,2831.524,2817.024,2452.171,7.216,6.207,0.87
69,ITA,Europe,Italy,2022-01-28,10539601.0,156040.0,160192.143,145159.0,389.0,367.0,178523.921,2643.067,2713.398,2458.76,6.589,6.216,0.85
70,ITA,Europe,Italy,2022-01-29,10683948.0,144347.0,154298.857,145537.0,378.0,367.714,180968.928,2445.006,2613.575,2465.163,6.403,6.228,0.83
71,ITA,Europe,Italy,2022-01-30,10821375.0,137427.0,148597.714,145914.0,377.0,374.0,183296.72,2327.793,2517.007,2471.549,6.386,6.335,0.81
72,ITA,Europe,Italy,2022-01-31,10925485.0,104110.0,143115.286,146149.0,235.0,375.143,185060.177,1763.456,2424.143,2475.529,3.981,6.354,0.79
73,ITA,Europe,Italy,2022-02-01,10983116.0,57631.0,140253.143,146498.0,349.0,374.714,186036.353,976.177,2375.663,2481.441,5.911,6.347,0.77
74,ITA,Europe,Italy,2022-02-02,11116422.0,133306.0,128575.286,146925.0,427.0,368.714,188294.343,2257.99,2177.859,2488.674,7.233,6.245,0.76
75,ITA,Europe,Italy,2022-02-03,11235745.0,119323.0,121740.571,147320.0,395.0,364.286,190315.483,2021.14,2062.09,2495.364,6.691,6.17,0.75
76,ITA,Europe,Italy,2022-02-04,11348701.0,112956.0,115585.714,147734.0,414.0,367.857,192228.776,1913.293,1957.836,2502.377,7.012,6.231,0.74
77,ITA,Europe,Italy,2022-02-05,11449601.0,100900.0,109379.0,148167.0,433.0,375.714,193937.86,1709.084,1852.705,2509.711,7.334,6.364,0.74
78,ITA,Europe,Italy,2022-02-06,11542793.0,93192.0,103059.714,148542.0,375.0,375.429,195516.383,1578.523,1745.666,2516.063,6.352,6.359,0.73
79,ITA,Europe,Italy,2022-02-07,11621736.0,78943.0,99464.429,148771.0,229.0,374.571,196853.551,1337.168,1684.768,2519.942,3.879,6.345,0.72
80,ITA,Europe,Italy,2022-02-08,11663338.0,41602.0,97174.571,149097.0,326.0,371.286,197558.222,704.671,1645.981,2525.464,5.522,6.289,0.71
81,ITA,Europe,Italy,2022-02-09,11765767.0,102429.0,92763.571,149512.0,415.0,369.571,199293.205,1734.983,1571.266,2532.493,7.029,6.26,0.7
82,ITA,Europe,Italy,2022-02-10,11847436.0,81669.0,87384.429,149896.0,384.0,368.0,200676.547,1383.342,1480.152,2538.998,6.504,6.233,0.69
83,ITA,Europe,Italy,2022-02-11,11923631.0,76195.0,82132.857,150221.0,325.0,355.286,201967.168,1290.621,1391.199,2544.503,5.505,6.018,0.69
84,ITA,Europe,Italy,2022-02-12,11991109.0,67478.0,77358.286,150555.0,334.0,341.143,203110.137,1142.969,1310.325,2550.16,5.657,5.778,0.69
85,ITA,Europe,Italy,2022-02-13,12053330.0,62221.0,72933.857,150824.0,269.0,326.0,204164.06,1053.924,1235.382,2554.716,4.556,5.522,0.69
86,ITA,Europe,Italy,2022-02-14,12105675.0,52345.0,69134.143,151015.0,191.0,320.571,205050.701,886.64,1171.021,2557.952,3.235,5.43,0.7
87,ITA,Europe,Italy,2022-02-15,12134451.0,28776.0,67301.857,151296.0,281.0,314.143,205538.12,487.419,1139.985,2562.711,4.76,5.321,0.7
88,ITA,Europe,Italy,2022-02-16,12205474.0,71023.0,62815.286,151684.0,388.0,310.286,206741.136,1203.016,1063.99,2569.283,6.572,5.256,0.71
89,ITA,Europe,Italy,2022-02-17,12265343.0,59869.0,59701.0,151962.0,278.0,295.143,207755.22,1014.085,1011.239,2573.992,4.709,4.999,0.72
90,ITA,Europe,Italy,2022-02-18,12323398.0,58055.0,57109.571,152282.0,320.0,294.429,208738.579,983.359,967.344,2579.413,5.42,4.987,0.73
91,ITA,Europe,Italy,2022-02-19,12377098.0,53700.0,55141.286,152596.0,314.0,291.571,209648.171,909.592,934.005,2584.731,5.319,4.939,0.74
92,ITA,Europe,Italy,2022-02-20,12427773.0,50675.0,53491.857,152848.0,252.0,289.143,210506.524,858.353,906.066,2589.0,4.268,4.898,0.75
93,ITA,Europe,Italy,2022-02-21,12469975.0,42202.0,52042.857,152989.0,141.0,282.0,211221.358,714.834,881.522,2591.388,2.388,4.777,0.75
94,ITA,Europe,Italy,2022-02-22,12494459.0,24484.0,51429.714,153190.0,201.0,270.571,211636.078,414.72,871.137,2594.793,3.405,4.583,0.75
95,ITA,Europe,Italy,2022-02-23,12554596.0,60137.0,49874.571,153512.0,322.0,261.143,212654.702,1018.624,844.795,2600.247,5.454,4.423,0.75
96,ITA,Europe,Italy,2022-02-24,12603758.0,49162.0,48345.0,153764.0,252.0,257.429,213487.427,832.725,818.887,2604.515,4.268,4.36,0.75
97,ITA,Europe,Italy,2022-02-25,12651251.0,47493.0,46836.143,154013.0,249.0,247.286,214291.882,804.455,793.329,2608.733,4.218,4.189,0.76
98,ITA,Europe,Italy,2022-02-26,12693320.0,42069.0,45174.571,154206.0,193.0,230.0,215004.464,712.581,765.185,2612.002,3.269,3.896,0.76
99,ITA,Europe,Italy,2022-02-27,12732680.0,39360.0,43558.143,154416.0,210.0,224.0,215671.159,666.695,737.805,2615.559,3.557,3.794,0.77
100,ITA,Europe,Italy,2022-02-28,12764558.0,31878.0,42083.286,154560.0,144.0,224.429,216211.121,539.962,712.823,2617.998,2.439,3.801,0.79
101,ITA,Europe,Italy,2022-03-01,12782836.0,18278.0,41196.714,154767.0,207.0,225.286,216520.721,309.6,697.806,2621.505,3.506,3.816,0.8
102,ITA,Europe,Italy,2022-03-02,12829972.0,47136.0,39339.429,155000.0,233.0,212.571,217319.129,798.408,666.347,2625.451,3.947,3.601,0.82
103,ITA,Europe,Italy,2022-03-03,12867918.0,37946.0,37737.143,155214.0,214.0,207.143,217961.873,642.744,639.207,2629.076,3.625,3.509,0.86
104,ITA,Europe,Italy,2022-03-04,12910506.0,42588.0,37036.429,155399.0,185.0,198.0,218683.246,721.372,627.338,2632.21,3.134,3.354,0.9
105,ITA,Europe,Italy,2022-03-05,12948859.0,38353.0,36505.571,155609.0,210.0,200.429,219332.884,649.638,618.346,2635.767,3.557,3.395,0.95
106,ITA,Europe,Italy,2022-03-06,12990223.0,41364.0,36791.857,155782.0,173.0,195.143,220033.524,700.64,623.195,2638.697,2.93,3.305,0.99
107,ITA,Europe,Italy,2022-03-07,13026112.0,35889.0,37364.857,155887.0,105.0,189.571,220641.426,607.902,632.901,2640.476,1.779,3.211,1.03
108,ITA,Europe,Italy,2022-03-08,13048774.0,22662.0,37991.143,156017.0,130.0,178.571,221025.284,383.858,643.509,2642.678,2.202,3.025,1.07
109,ITA,Europe,Italy,2022-03-09,13109527.0,60753.0,39936.429,156201.0,184.0,171.571,222054.342,1029.058,676.459,2645.794,3.117,2.906,1.11
110,ITA,Europe,Italy,2022-03-10,13159342.0,49815.0,41632.0,156357.0,156.0,163.286,222898.128,843.786,705.179,2648.437,2.642,2.766,1.13
111,ITA,Europe,Italy,2022-03-11,13214498.0,55156.0,43427.429,156493.0,136.0,156.286,223832.382,934.254,735.591,2650.74,2.304,2.647,1.16
112,ITA,Europe,Italy,2022-03-12,13268459.0,53961.0,45657.143,156649.0,156.0,148.571,224746.395,914.013,773.359,2653.383,2.642,2.517,1.19
113,ITA,Europe,Italy,2022-03-13,13323128.0,54669.0,47557.857,156782.0,133.0,142.857,225672.4,926.005,805.554,2655.635,2.253,2.42,1.22
114,ITA,Europe,Italy,2022-03-14,13373207.0,50079.0,49585.0,156868.0,86.0,140.143,226520.658,848.258,839.89,2657.092,1.457,2.374,1.25
115,ITA,Europe,Italy,2022-03-15,13402905.0,29698.0,50590.143,156997.0,129.0,140.0,227023.694,503.036,856.916,2659.277,2.185,2.371,1.28
116,ITA,Europe,Italy,2022-03-16,13489319.0,86414.0,54256.0,157177.0,180.0,139.429,228487.409,1463.714,919.01,2662.326,3.049,2.362,1.29
117,ITA,Europe,Italy,2022-03-17,13563466.0,74147.0,57732.0,157314.0,137.0,136.714,229743.34,1255.931,977.887,2664.647,2.321,2.316,1.28
118,ITA,Europe,Italy,2022-03-18,13645834.0,82368.0,61619.429,157442.0,128.0,135.571,231138.522,1395.182,1043.734,2666.815,2.168,2.296,1.26
119,ITA,Europe,Italy,2022-03-19,13724411.0,78577.0,65136.0,157607.0,165.0,136.857,232469.49,1330.968,1103.299,2669.61,2.795,2.318,1.23
120,ITA,Europe,Italy,2022-03-20,13800179.0,75768.0,68150.143,157692.0,85.0,130.0,233752.878,1283.388,1154.354,2671.049,1.44,2.202,1.2
121,ITA,Europe,Italy,2022-03-21,13861743.0,61564.0,69790.857,157785.0,93.0,131.0,234795.674,1042.795,1182.145,2672.625,1.575,2.219,1.17
122,ITA,Europe,Italy,2022-03-22,13895188.0,33445.0,70326.143,157904.0,119.0,129.571,235362.178,566.505,1191.212,2674.64,2.016,2.195,1.15
123,ITA,Europe,Italy,2022-03-23,13992092.0,96904.0,71824.714,158101.0,197.0,132.0,237003.576,1641.398,1216.595,2677.977,3.337,2.236,1.13
124,ITA,Europe,Italy,2022-03-24,14070450.0,78358.0,72426.286,158254.0,153.0,134.286,238330.835,1327.259,1226.785,2680.569,2.592,2.275,1.11
125,ITA,Europe,Italy,2022-03-25,14153098.0,82648.0,72466.286,158436.0,182.0,142.0,239730.759,1399.924,1227.463,2683.651,3.083,2.405,1.09
126,ITA,Europe,Italy,2022-03-26,14229495.0,76397.0,72154.857,158582.0,146.0,139.286,241024.802,1294.043,1222.187,2686.125,2.473,2.359,1.07
127,ITA,Europe,Italy,2022-03-27,14304111.0,74616.0,71990.286,158700.0,118.0,144.0,242288.677,1263.875,1219.4,2688.123,1.999,2.439,1.06
128,ITA,Europe,Italy,2022-03-28,14364723.0,60612.0,71854.286,158782.0,82.0,142.429,243315.347,1026.67,1217.096,2689.512,1.389,2.413,1.05
129,ITA,Europe,Italy,2022-03-29,14396283.0,31560.0,71585.0,158877.0,95.0,139.0,243849.923,534.576,1212.535,2691.121,1.609,2.354,1.03
130,ITA,Europe,Italy,2022-03-30,14496579.0,100296.0,72069.571,159054.0,177.0,136.143,245548.776,1698.853,1220.743,2694.119,2.998,2.306,1.01
131,ITA,Europe,Italy,2022-03-31,14567990.0,71411.0,71077.143,159224.0,170.0,138.571,246758.364,1209.588,1203.933,2696.999,2.88,2.347,1.0
132,ITA,Europe,Italy,2022-04-01,14642354.0,74364.0,69893.714,159383.0,159.0,135.286,248017.971,1259.607,1183.887,2699.692,2.693,2.292,1.0
133,ITA,Europe,Italy,2022-04-02,14719394.0,77040.0,69985.571,159537.0,154.0,136.429,249322.905,1304.934,1185.443,2702.301,2.609,2.311,0.99
134,ITA,Europe,Italy,2022-04-03,14790806.0,71412.0,69527.857,159666.0,129.0,138.0,250532.509,1209.605,1177.69,2704.486,2.185,2.337,0.98
135,ITA,Europe,Italy,2022-04-04,14845815.0,55009.0,68727.429,159784.0,118.0,143.143,251464.273,931.764,1164.132,2706.484,1.999,2.425,0.98
136,ITA,Europe,Italy,2022-04-05,14877144.0,31329.0,68694.429,159909.0,125.0,147.429,251994.936,530.663,1163.573,2708.602,2.117,2.497,0.97
137,ITA,Europe,Italy,2022-04-06,14966058.0,88914.0,67068.429,160103.0,194.0,149.857,253500.997,1506.06,1136.032,2711.888,3.286,2.538,0.96
138,ITA,Europe,Italy,2022-04-07,15035943.0,69885.0,66850.429,160252.0,149.0,146.857,254684.737,1183.74,1132.339,2714.412,2.524,2.488,0.95
139,ITA,Europe,Italy,2022-04-08,15106066.0,70123.0,66244.571,160402.0,150.0,145.571,255872.508,1187.771,1122.077,2716.952,2.541,2.466,0.94
140,ITA,Europe,Italy,2022-04-09,15173707.0,67641.0,64901.857,160546.0,144.0,144.143,257018.238,1145.73,1099.333,2719.392,2.439,2.442,0.95
141,ITA,Europe,Italy,2022-04-10,15238128.0,64421.0,63903.143,160658.0,112.0,141.714,258109.426,1091.188,1082.417,2721.289,1.897,2.4,0.96
142,ITA,Europe,Italy,2022-04-11,15292048.0,53920.0,63747.571,160748.0,90.0,137.714,259022.744,913.318,1079.782,2722.813,1.524,2.333,0.96
143,ITA,Europe,Italy,2022-04-12,15320753.0,28705.0,63372.714,160863.0,115.0,136.286,259508.961,486.217,1073.432,2724.761,1.948,2.308,0.96
144,ITA,Europe,Italy,2022-04-13,15404809.0,84056.0,62678.714,161032.0,169.0,132.714,260932.734,1423.774,1061.677,2727.624,2.863,2.248,0.93
145,ITA,Europe,Italy,2022-04-14,15467395.0,62586.0,61636.0,161187.0,155.0,133.571,261992.841,1060.106,1044.015,2730.249,2.625,2.262,0.92
146,ITA,Europe,Italy,2022-04-15,15533012.0,65617.0,60992.286,161336.0,149.0,133.429,263104.287,1111.447,1033.111,2732.773,2.524,2.26,0.92
147,ITA,Europe,Italy,2022-04-16,15595302.0,62290.0,60227.857,161469.0,133.0,131.857,264159.38,1055.093,1020.163,2735.026,2.253,2.233,0.93
148,ITA,Europe,Italy,2022-04-17,15659835.0,64533.0,60243.857,161602.0,133.0,134.857,265252.465,1093.085,1020.434,2737.278,2.253,2.284,0.93
149,ITA,Europe,Italy,2022-04-18,15712088.0,52253.0,60005.714,161687.0,85.0,134.143,266137.547,885.082,1016.4,2738.718,1.44,2.272,0.94
150,ITA,Europe,Italy,2022-04-19,15730676.0,18588.0,58560.429,161766.0,79.0,129.0,266452.398,314.851,991.92,2740.056,1.338,2.185,0.96
151,ITA,Europe,Italy,2022-04-20,15758002.0,27326.0,50456.143,161893.0,127.0,123.0,266915.257,462.859,854.646,2742.208,2.151,2.083,1.03
152,ITA,Europe,Italy,2022-04-21,15858442.0,100440.0,55863.857,162098.0,205.0,130.143,268616.549,1701.292,946.244,2745.68,3.472,2.204,1.05
153,ITA,Europe,Italy,2022-04-22,15934437.0,75995.0,57346.429,162264.0,166.0,132.571,269903.782,1287.233,971.356,2748.492,2.812,2.246,1.05
154,ITA,Europe,Italy,2022-04-23,16008181.0,73744.0,58982.714,162466.0,202.0,142.429,271152.887,1249.105,999.072,2751.913,3.422,2.413,1.03
155,ITA,Europe,Italy,2022-04-24,16079209.0,71028.0,59910.571,162609.0,143.0,143.857,272355.988,1203.1,1014.789,2754.335,2.422,2.437,1.0
156,ITA,Europe,Italy,2022-04-25,16136057.0,56848.0,60567.0,162688.0,79.0,143.0,273318.902,962.914,1025.908,2755.674,1.338,2.422,0.96
157,ITA,Europe,Italy,2022-04-26,16161339.0,25282.0,61523.286,162781.0,93.0,145.0,273747.138,428.236,1042.106,2757.249,1.575,2.456,0.94
158,ITA,Europe,Italy,2022-04-27,16191323.0,29984.0,61903.0,162927.0,146.0,147.714,274255.019,507.881,1048.537,2759.722,2.473,2.502,0.95
159,ITA,Europe,Italy,2022-04-28,16279754.0,88431.0,60187.429,163113.0,186.0,145.0,275752.898,1497.879,1019.478,2762.872,3.151,2.456,0.95
160,ITA,Europe,Italy,2022-04-29,16349788.0,70034.0,59335.857,163244.0,131.0,140.0,276939.162,1186.264,1005.054,2765.091,2.219,2.371,0.93
161,ITA,Europe,Italy,2022-04-30,16409183.0,59395.0,57286.0,163377.0,133.0,130.143,277945.218,1006.056,970.333,2767.344,2.253,2.204,0.91
162,ITA,Europe,Italy,2022-05-01,16463200.0,54017.0,54855.857,163507.0,130.0,128.286,278860.179,914.961,929.17,2769.546,2.202,2.173,0.89
163,ITA,Europe,Italy,2022-05-02,16504791.0,41591.0,52676.286,163612.0,105.0,132.0,279564.664,704.485,892.252,2771.325,1.779,2.236,0.88
164,ITA,Europe,Italy,2022-05-03,16523859.0,19068.0,51788.571,163736.0,124.0,136.429,279887.645,322.981,877.215,2773.425,2.1,2.311,0.86
165,ITA,Europe,Italy,2022-05-04,16586268.0,62409.0,56420.714,163889.0,153.0,137.429,280944.753,1057.108,955.676,2776.017,2.592,2.328,0.83
166,ITA,Europe,Italy,2022-05-05,16633911.0,47643.0,50593.857,164041.0,152.0,132.571,281751.749,806.996,856.979,2778.591,2.575,2.246,0.82
167,ITA,Europe,Italy,2022-05-06,16682626.0,48715.0,47548.286,164179.0,138.0,133.571,282576.903,825.154,805.392,2780.929,2.337,2.262,0.82
168,ITA,Europe,Italy,2022-05-07,16726990.0,44364.0,45401.0,164304.0,125.0,132.429,283328.358,751.455,769.02,2783.046,2.117,2.243,0.83
169,ITA,Europe,Italy,2022-05-08,16767773.0,40783.0,43510.429,164417.0,113.0,130.0,284019.157,690.799,736.997,2784.96,1.914,2.202,0.84
170,ITA,Europe,Italy,2022-05-09,16798998.0,31225.0,42029.571,164489.0,72.0,125.286,284548.058,528.901,711.913,2786.18,1.22,2.122,0.85
171,ITA,Europe,Italy,2022-05-10,16816419.0,17421.0,41794.286,164573.0,84.0,119.571,284843.142,295.084,707.928,2787.602,1.423,2.025,0.85
172,ITA,Europe,Italy,2022-05-11,16872618.0,56199.0,40907.143,164731.0,158.0,120.286,285795.062,951.921,692.901,2790.279,2.676,2.037,0.84
173,ITA,Europe,Italy,2022-05-12,16915301.0,42683.0,40198.571,164846.0,115.0,115.0,286518.044,722.981,680.899,2792.227,1.948,1.948,0.84
174,ITA,Europe,Italy,2022-05-13,16954784.0,39483.0,38879.714,164976.0,130.0,113.857,287186.823,668.779,658.56,2794.429,2.202,1.929,0.83
175,ITA,Europe,Italy,2022-05-14,16993813.0,39029.0,38117.571,165091.0,115.0,112.429,287847.911,661.089,645.65,2796.377,1.948,1.904,0.83
176,ITA,Europe,Italy,2022-05-15,17030147.0,36334.0,37482.0,165182.0,91.0,109.286,288463.351,615.44,634.885,2797.918,1.541,1.851,0.82
177,ITA,Europe,Italy,2022-05-16,17057873.0,27726.0,36982.143,165244.0,62.0,107.857,288932.985,469.634,626.418,2798.968,1.05,1.827,0.8
178,ITA,Europe,Italy,2022-05-17,17071649.0,13776.0,36461.429,165346.0,102.0,110.429,289166.328,233.343,617.598,2800.696,1.728,1.87,0.79
179,ITA,Europe,Italy,2022-05-18,17116550.0,44901.0,34847.429,165494.0,148.0,109.0,289926.879,760.551,590.259,2803.203,2.507,1.846,0.77
180,ITA,Europe,Italy,2022-05-19,17147477.0,30927.0,33168.0,165630.0,136.0,112.0,290450.733,523.854,561.813,2805.506,2.304,1.897,0.76
181,ITA,Europe,Italy,2022-05-20,17178199.0,30722.0,31916.429,165738.0,108.0,108.857,290971.114,520.381,540.613,2807.336,1.829,1.844,0.75
182,ITA,Europe,Italy,2022-05-21,17205017.0,26818.0,30172.0,165827.0,89.0,105.143,291425.368,454.254,511.065,2808.843,1.508,1.781,0.74
183,ITA,Europe,Italy,2022-05-22,17229263.0,24246.0,28445.143,165918.0,91.0,105.143,291836.056,410.688,481.815,2810.385,1.541,1.781,0.74
184,ITA,Europe,Italy,2022-05-23,17247552.0,18289.0,27097.0,165952.0,34.0,101.143,292145.843,309.786,458.98,2810.96,0.576,1.713,0.74
185,ITA,Europe,Italy,2022-05-24,17257573.0,10021.0,26560.571,166032.0,80.0,98.0,292315.582,169.74,449.893,2812.316,1.355,1.66,0.73
